INSERT INTO ateliedb.cliente 
(nome, cpf, email, data_nasc, rua, numero, bairro, cidade, estado, cep)
VALUES
('Ana Souza', '111.111.111-01', 'ana.souza@email.com', '1998-03-12', 'Rua das Flores', '120', 'Centro', 'Franca', 'SP', '14400-001'),
('Bruno Lima', '111.111.111-02', 'bruno.lima@email.com', '1995-07-22', 'Rua Amazonas', '45', 'Jardim Paulista', 'Franca', 'SP', '14401-002'),
('Carla Mendes', '111.111.111-03', 'carla.mendes@email.com', '2001-01-15', 'Av. Brasil', '300', 'Centro', 'Ribeirão Preto', 'SP', '14010-003'),
('Daniel Rocha', '111.111.111-04', 'daniel.rocha@email.com', '1990-11-08', 'Rua Bahia', '78', 'São José', 'Franca', 'SP', '14402-004'),
('Eduarda Martins', '111.111.111-05', 'eduarda.martins@email.com', '2003-05-19', 'Rua Minas Gerais', '210', 'Vila Nova', 'Batatais', 'SP', '14300-005'),
('Felipe Alves', '111.111.111-06', 'felipe.alves@email.com', '1997-09-30', 'Rua Goiás', '54', 'Centro', 'Restinga', 'SP', '14430-006'),
('Gabriela Costa', '111.111.111-07', 'gabriela.costa@email.com', '1994-12-02', 'Rua Pará', '89', 'Jardim Aeroporto', 'Franca', 'SP', '14404-007'),
('Henrique Ramos', '111.111.111-08', 'henrique.ramos@email.com', '1989-04-14', 'Rua Ceará', '33', 'Santa Rita', 'São Joaquim da Barra', 'SP', '14600-008'),
('Isabela Ferreira', '111.111.111-09', 'isabela.ferreira@email.com', '2000-06-25', 'Rua Pernambuco', '145', 'Centro', 'Franca', 'SP', '14405-009'),
('João Pedro', '111.111.111-10', 'joao.pedro@email.com', '1996-10-10', 'Av. Champagnat', '900', 'Centro', 'Franca', 'SP', '14400-010'),
('Larissa Gomes', '111.111.111-11', 'larissa.gomes@email.com', '1999-08-18', 'Rua Rio Grande', '23', 'Jardim Brasilândia', 'Franca', 'SP', '14406-011'),
('Lucas Barbosa', '111.111.111-12', 'lucas.barbosa@email.com', '1993-02-11', 'Rua Santa Catarina', '67', 'Centro', 'Cristais Paulista', 'SP', '14460-012'),
('Mariana Teixeira', '111.111.111-13', 'mariana.teixeira@email.com', '2002-04-03', 'Rua Paraná', '155', 'Vila Industrial', 'Franca', 'SP', '14407-013'),
('Mateus Ribeiro', '111.111.111-14', 'mateus.ribeiro@email.com', '1991-01-29', 'Rua Sergipe', '88', 'Centro', 'Patrocínio Paulista', 'SP', '14415-014'),
('Natália Cardoso', '111.111.111-15', 'natalia.cardoso@email.com', '1998-12-17', 'Rua Alagoas', '102', 'Jardim Consolação', 'Franca', 'SP', '14408-015'),
('Otávio Martins', '111.111.111-16', 'otavio.martins@email.com', '1988-07-09', 'Rua Maranhão', '76', 'Centro', 'Ituverava', 'SP', '14500-016'),
('Patrícia Nunes', '111.111.111-17', 'patricia.nunes@email.com', '1995-03-21', 'Rua Tocantins', '49', 'Jardim Lima', 'Franca', 'SP', '14409-017'),
('Rafael Oliveira', '111.111.111-18', 'rafael.oliveira@email.com', '1992-09-13', 'Rua Piauí', '131', 'Vila Santa Cruz', 'Franca', 'SP', '14410-018'),
('Renata Azevedo', '111.111.111-19', 'renata.azevedo@email.com', '2001-11-27', 'Rua Mato Grosso', '64', 'Centro', 'São Paulo', 'SP', '01000-019'),
('Samuel Dias', '111.111.111-20', 'samuel.dias@email.com', '1996-06-01', 'Rua Espírito Santo', '205', 'Jardim Tropical', 'Franca', 'SP', '14411-020'),
('Tatiane Moreira', '111.111.111-21', 'tatiane.moreira@email.com', '1997-05-05', 'Rua Acre', '31', 'Centro', 'Franca', 'SP', '14412-021'),
('Vinícius Castro', '111.111.111-22', 'vinicius.castro@email.com', '1994-08-28', 'Rua Rondônia', '58', 'Vila Aparecida', 'Franca', 'SP', '14413-022'),
('Amanda Freitas', '111.111.111-23', 'amanda.freitas@email.com', '2000-10-16', 'Rua Amapá', '99', 'Jardim Primavera', 'Franca', 'SP', '14414-023'),
('Beatriz Lopes', '111.111.111-24', 'beatriz.lopes@email.com', '1999-02-07', 'Rua Roraima', '47', 'Centro', 'Ribeirão Corrente', 'SP', '14445-024'),
('Caio Henrique', '111.111.111-25', 'caio.henrique@email.com', '1993-12-20', 'Rua das Acácias', '112', 'Residencial Amazonas', 'Franca', 'SP', '14415-025'),
('Débora Almeida', '111.111.111-26', 'debora.almeida@email.com', '1987-06-11', 'Rua dos Ipês', '71', 'Jardim Flórida', 'Franca', 'SP', '14416-026'),
('Enzo Carvalho', '111.111.111-27', 'enzo.carvalho@email.com', '2004-01-24', 'Rua das Palmeiras', '56', 'Centro', 'Batatais', 'SP', '14300-027'),
('Fernanda Pires', '111.111.111-28', 'fernanda.pires@email.com', '1990-04-30', 'Av. Presidente Vargas', '444', 'Cidade Nova', 'Franca', 'SP', '14401-028'),
('Gustavo Melo', '111.111.111-29', 'gustavo.melo@email.com', '1992-03-06', 'Rua dos Cravos', '28', 'Jardim Noêmia', 'Franca', 'SP', '14402-029'),
('Helena Duarte', '111.111.111-30', 'helena.duarte@email.com', '2003-09-12', 'Rua das Violetas', '140', 'Centro', 'Restinga', 'SP', '14430-030'),
('Igor Santana', '111.111.111-31', 'igor.santana@email.com', '1991-11-02', 'Rua das Orquídeas', '73', 'Jardim Ângela Rosa', 'Franca', 'SP', '14403-031'),
('Juliana Moraes', '111.111.111-32', 'juliana.moraes@email.com', '1998-07-18', 'Rua das Margaridas', '91', 'Vila Rezende', 'Franca', 'SP', '14404-032'),
('Kleber Santos', '111.111.111-33', 'kleber.santos@email.com', '1986-05-26', 'Rua das Rosas', '37', 'Centro', 'Ituverava', 'SP', '14500-033'),
('Letícia Campos', '111.111.111-34', 'leticia.campos@email.com', '1997-01-09', 'Rua dos Lírios', '66', 'Jardim Paulistano', 'Franca', 'SP', '14405-034'),
('Murilo Batista', '111.111.111-35', 'murilo.batista@email.com', '1995-10-04', 'Rua das Tulipas', '150', 'Jardim Aeroporto', 'Franca', 'SP', '14406-035'),
('Nayara Farias', '111.111.111-36', 'nayara.farias@email.com', '2002-12-14', 'Rua dos Jasmins', '87', 'Centro', 'Cristais Paulista', 'SP', '14460-036'),
('Paulo César', '111.111.111-37', 'paulo.cesar@email.com', '1989-08-08', 'Rua das Hortênsias', '22', 'Vila São Sebastião', 'Franca', 'SP', '14407-037'),
('Raquel Martins', '111.111.111-38', 'raquel.martins@email.com', '1996-02-23', 'Rua das Begônias', '119', 'Jardim Cambuí', 'Franca', 'SP', '14408-038'),
('Sabrina Alves', '111.111.111-39', 'sabrina.alves@email.com', '2001-06-06', 'Rua das Azaleias', '83', 'Centro', 'Patrocínio Paulista', 'SP', '14415-039'),
('Thiago Neves', '111.111.111-40', 'thiago.neves@email.com', '1994-09-15', 'Rua dos Girassóis', '101', 'Jardim Guanabara', 'Franca', 'SP', '14409-040'),
('Vanessa Prado', '111.111.111-41', 'vanessa.prado@email.com', '1993-03-19', 'Rua dos Antúrios', '59', 'Centro', 'Ribeirão Preto', 'SP', '14010-041'),
('Wesley Martins', '111.111.111-42', 'wesley.martins@email.com', '1990-12-31', 'Rua das Camélias', '74', 'Vila Europa', 'Franca', 'SP', '14410-042'),
('Yasmin Correia', '111.111.111-43', 'yasmin.correia@email.com', '2004-04-20', 'Rua das Dálias', '39', 'Jardim Palma', 'Franca', 'SP', '14411-043'),
('Alexandre Pinto', '111.111.111-44', 'alexandre.pinto@email.com', '1985-07-01', 'Rua das Magnólias', '123', 'Centro', 'São Paulo', 'SP', '01000-044'),
('Bianca Rocha', '111.111.111-45', 'bianca.rocha@email.com', '1999-11-12', 'Rua dos Manacás', '18', 'Jardim Califórnia', 'Franca', 'SP', '14412-045'),
('Cláudio Rezende', '111.111.111-46', 'claudio.rezende@email.com', '1988-01-30', 'Rua das Paineiras', '68', 'Vila Formosa', 'Franca', 'SP', '14413-046'),
('Diana Lopes', '111.111.111-47', 'diana.lopes@email.com', '2000-05-27', 'Rua das Cerejeiras', '97', 'Centro', 'Batatais', 'SP', '14300-047'),
('Emerson Vieira', '111.111.111-48', 'emerson.vieira@email.com', '1992-10-21', 'Rua dos Flamboyants', '135', 'Jardim Tropical', 'Franca', 'SP', '14414-048'),
('Flávia Mendes', '111.111.111-49', 'flavia.mendes@email.com', '1997-12-03', 'Rua das Pitangueiras', '27', 'Jardim Santa Lúcia', 'Franca', 'SP', '14415-049'),
('Guilherme Nunes', '111.111.111-50', 'guilherme.nunes@email.com', '1991-06-17', 'Rua das Amoreiras', '80', 'Centro', 'Franca', 'SP', '14400-050');

INSERT INTO ateliedb.telefone_cliente
(cod_cliente, telefone)
VALUES
(1, '16999990001'),
(2, '16999990002'),
(3, '16999990003'),
(4, '16999990004'),
(5, '16999990005'),
(6, '16999990006'),
(7, '16999990007'),
(8, '16999990008'),
(9, '16999990009'),
(10, '16999990010'),
(11, '16999990011'),
(12, '16999990012'),
(13, '16999990013'),
(14, '16999990014'),
(15, '16999990015'),
(16, '16999990016'),
(17, '16999990017'),
(18, '16999990018'),
(19, '16999990019'),
(20, '16999990020'),
(21, '16999990021'),
(22, '16999990022'),
(23, '16999990023'),
(24, '16999990024'),
(25, '16999990025'),
(26, '16999990026'),
(27, '16999990027'),
(28, '16999990028'),
(29, '16999990029'),
(30, '16999990030'),
(31, '16999990031'),
(32, '16999990032'),
(33, '16999990033'),
(34, '16999990034'),
(35, '16999990035'),
(36, '16999990036'),
(37, '16999990037'),
(38, '16999990038'),
(39, '16999990039'),
(40, '16999990040'),
(41, '16999990041'),
(42, '16999990042'),
(43, '16999990043'),
(44, '16999990044'),
(45, '16999990045'),
(46, '16999990046'),
(47, '16999990047'),
(48, '16999990048'),
(49, '16999990049'),
(50, '16999990050'),

(1, '16988880001'),
(5, '16988880005'),
(10, '16988880010'),
(15, '16988880015'),
(20, '16988880020'),
(25, '16988880025'),
(30, '16988880030'),
(35, '16988880035'),
(40, '16988880040'),
(45, '16988880045'),
(50, '16988880050');

INSERT INTO ateliedb.categoria
(nome_cat)
VALUES
('Bolsas'),
('Kits'),
('Necessaires'),
('Bordados');

INSERT INTO ateliedb.produto
(cod_cat, nome, descricao, preco, estoque, status)
VALUES

(1,'Bolsa Floral Rosa','Bolsa artesanal floral rosa',89.90,10,'DISPONIVEL'),
(1,'Bolsa Maternidade Azul','Bolsa maternidade personalizada',149.90,8,'DISPONIVEL'),
(1,'Bolsa Couro Caramelo','Bolsa em couro sintético',129.90,5,'DISPONIVEL'),
(1,'Bolsa Infantil Unicórnio','Bolsa infantil bordada',79.90,12,'DISPONIVEL'),
(1,'Bolsa Jeans Bordada','Bolsa jeans personalizada',99.90,7,'DISPONIVEL'),
(1,'Bolsa Feminina Bege','Bolsa feminina casual',109.90,9,'DISPONIVEL'),
(1,'Bolsa Feminina Preta','Bolsa feminina elegante',119.90,6,'DISPONIVEL'),
(1,'Bolsa Térmica Infantil','Bolsa térmica personalizada',69.90,15,'DISPONIVEL'),
(1,'Bolsa Escolar Bordada','Bolsa escolar artesanal',94.90,11,'DISPONIVEL'),
(1,'Bolsa Passeio Floral','Bolsa para passeio',84.90,8,'DISPONIVEL'),
(1,'Bolsa Luxo Dourada','Bolsa premium personalizada',189.90,3,'DISPONIVEL'),
(1,'Bolsa Viagem Média','Bolsa para viagens',159.90,4,'DISPONIVEL'),
(1,'Bolsa Organizadora','Bolsa organizadora feminina',74.90,13,'DISPONIVEL'),

(2,'Kit Maternidade Menino','Kit completo maternidade',249.90,5,'DISPONIVEL'),
(2,'Kit Maternidade Menina','Kit completo maternidade',249.90,5,'DISPONIVEL'),
(2,'Kit Infantil Azul','Kit infantil personalizado',139.90,10,'DISPONIVEL'),
(2,'Kit Infantil Rosa','Kit infantil personalizado',139.90,10,'DISPONIVEL'),
(2,'Kit Escolar Básico','Kit escolar bordado',119.90,8,'DISPONIVEL'),
(2,'Kit Escolar Completo','Kit escolar completo',169.90,6,'DISPONIVEL'),
(2,'Kit Bebê Luxo','Kit bebê premium',299.90,3,'DISPONIVEL'),
(2,'Kit Banho Infantil','Kit toalhas bordadas',109.90,9,'DISPONIVEL'),
(2,'Kit Higiene Bebê','Kit higiene personalizado',129.90,7,'DISPONIVEL'),
(2,'Kit Presente Infantil','Kit presente bordado',149.90,8,'DISPONIVEL'),
(2,'Kit Viagem Infantil','Kit viagem personalizado',179.90,5,'DISPONIVEL'),
(2,'Kit Recém Nascido','Kit completo recém-nascido',279.90,4,'DISPONIVEL'),
(2,'Kit Organização Bebê','Kit organizador infantil',159.90,6,'DISPONIVEL'),

(3,'Necessaire Floral','Necessaire personalizada floral',39.90,20,'DISPONIVEL'),
(3,'Necessaire Rosa','Necessaire feminina rosa',34.90,18,'DISPONIVEL'),
(3,'Necessaire Azul','Necessaire masculina azul',34.90,15,'DISPONIVEL'),
(3,'Necessaire Grande','Necessaire tamanho grande',49.90,12,'DISPONIVEL'),
(3,'Necessaire Pequena','Necessaire compacta',29.90,25,'DISPONIVEL'),
(3,'Necessaire Bordada','Necessaire personalizada bordada',44.90,14,'DISPONIVEL'),
(3,'Necessaire Infantil','Necessaire infantil personalizada',32.90,16,'DISPONIVEL'),
(3,'Necessaire Maquiagem','Necessaire para maquiagem',54.90,10,'DISPONIVEL'),
(3,'Necessaire Viagem','Necessaire para viagem',59.90,8,'DISPONIVEL'),
(3,'Necessaire Luxo','Necessaire premium',69.90,6,'DISPONIVEL'),
(3,'Necessaire Escolar','Necessaire escolar',27.90,20,'DISPONIVEL'),
(3,'Necessaire Organizadora','Necessaire organizadora',42.90,13,'DISPONIVEL'),

(4,'Toalha Bordada Infantil','Toalha personalizada infantil',49.90,12,'DISPONIVEL'),
(4,'Toalha Bordada Casal','Toalha personalizada casal',69.90,8,'DISPONIVEL'),
(4,'Toalha Bordada Luxo','Toalha premium bordada',89.90,5,'DISPONIVEL'),
(4,'Lenço Bordado Bebê','Lenço personalizado bebê',24.90,20,'DISPONIVEL'),
(4,'Jogo de Toalhas Bordado','Kit toalhas bordadas',129.90,6,'DISPONIVEL'),
(4,'Bordado Nome Infantil','Bordado com nome infantil',19.90,30,'DISPONIVEL'),
(4,'Bordado Religioso','Bordado religioso personalizado',39.90,10,'DISPONIVEL'),
(4,'Bordado Corporativo','Bordado para empresas',59.90,8,'DISPONIVEL'),
(4,'Bordado Enxoval','Bordado para enxoval',44.90,11,'DISPONIVEL'),
(4,'Bordado Personalizado','Bordado sob encomenda',79.90,5,'DISPONIVEL'),
(4,'Toalhinha Personalizada','Toalhinha bordada personalizada',29.90,18,'DISPONIVEL'),
(4,'Kit Bordado Infantil','Kit bordado infantil',99.90,7,'DISPONIVEL');

INSERT INTO ateliedb.pedido
(cod_cliente, data_pedido, status_pedido)
VALUES
(1, '2026-05-01', 'FINALIZADO'),
(2, '2026-05-02', 'ENTREGUE'),
(3, '2026-05-03', 'EM_PRODUCAO'),
(4, '2026-05-04', 'FINALIZADO'),
(5, '2026-05-05', 'CANCELADO'),
(6, '2026-05-06', 'ENTREGUE'),
(7, '2026-05-07', 'FINALIZADO'),
(8, '2026-05-08', 'EM_PRODUCAO'),
(9, '2026-05-09', 'ENTREGUE'),
(10, '2026-05-10', 'FINALIZADO'),
(11, '2026-05-11', 'CANCELADO'),
(12, '2026-05-12', 'EM_PRODUCAO'),
(13, '2026-05-13', 'ENTREGUE'),
(14, '2026-05-14', 'FINALIZADO'),
(15, '2026-05-15', 'ENTREGUE'),
(16, '2026-05-16', 'EM_PRODUCAO'),
(17, '2026-05-17', 'FINALIZADO'),
(18, '2026-05-18', 'CANCELADO'),
(19, '2026-05-19', 'ENTREGUE'),
(20, '2026-05-20', 'FINALIZADO'),
(21, '2026-05-21', 'EM_PRODUCAO'),
(22, '2026-05-22', 'ENTREGUE'),
(23, '2026-05-23', 'FINALIZADO'),
(24, '2026-05-24', 'CANCELADO'),
(25, '2026-05-25', 'ENTREGUE'),
(26, '2026-05-26', 'FINALIZADO'),
(27, '2026-05-27', 'EM_PRODUCAO'),
(28, '2026-05-28', 'ENTREGUE'),
(29, '2026-05-29', 'FINALIZADO'),
(30, '2026-05-30', 'ENTREGUE'),
(31, '2026-05-31', 'EM_PRODUCAO'),
(32, '2026-06-01', 'FINALIZADO'),
(33, '2026-06-02', 'CANCELADO'),
(34, '2026-06-03', 'ENTREGUE'),
(35, '2026-06-04', 'FINALIZADO'),
(36, '2026-06-05', 'EM_PRODUCAO'),
(37, '2026-06-06', 'ENTREGUE'),
(38, '2026-06-07', 'FINALIZADO'),
(39, '2026-06-08', 'CANCELADO'),
(40, '2026-06-09', 'ENTREGUE'),
(41, '2026-06-10', 'FINALIZADO'),
(42, '2026-06-11', 'EM_PRODUCAO'),
(43, '2026-06-12', 'ENTREGUE'),
(44, '2026-06-13', 'FINALIZADO'),
(45, '2026-06-14', 'CANCELADO'),
(46, '2026-06-15', 'ENTREGUE'),
(47, '2026-06-16', 'FINALIZADO'),
(48, '2026-06-17', 'EM_PRODUCAO'),
(49, '2026-06-18', 'ENTREGUE'),
(50, '2026-06-19', 'FINALIZADO');

INSERT INTO ateliedb.pagamento
(cod_pedido, forma_pgto, data_pgto, valor_pg, status_pgto)
VALUES
(1,'PIX','2026-05-01',89.90,'PAGO'),
(2,'CARTAO','2026-05-02',149.90,'PENDENTE'),
(3,'PIX','2026-05-03',79.90,'PAGO'),
(4,'DINHEIRO','2026-05-04',129.90,'PAGO'),
(5,'TRANSFERENCIA','2026-05-05',109.90,'CANCELADO'),
(6,'PIX','2026-05-06',249.90,'PAGO'),
(7,'CARTAO','2026-05-07',139.90,'PAGO'),
(8,'PIX','2026-05-08',169.90,'PENDENTE'),
(9,'DINHEIRO','2026-05-09',299.90,'PAGO'),
(10,'TRANSFERENCIA','2026-05-10',109.90,'PAGO'),
(11,'PIX','2026-05-11',129.90,'CANCELADO'),
(12,'CARTAO','2026-05-12',89.90,'PAGO'),
(13,'PIX','2026-05-13',149.90,'PAGO'),
(14,'DINHEIRO','2026-05-14',79.90,'PAGO'),
(15,'TRANSFERENCIA','2026-05-15',99.90,'PENDENTE'),
(16,'PIX','2026-05-16',119.90,'PAGO'),
(17,'CARTAO','2026-05-17',69.90,'PAGO'),
(18,'PIX','2026-05-18',94.90,'CANCELADO'),
(19,'DINHEIRO','2026-05-19',84.90,'PAGO'),
(20,'TRANSFERENCIA','2026-05-20',189.90,'PAGO'),
(21,'PIX','2026-05-21',159.90,'PENDENTE'),
(22,'CARTAO','2026-05-22',74.90,'PAGO'),
(23,'PIX','2026-05-23',249.90,'PAGO'),
(24,'DINHEIRO','2026-05-24',139.90,'CANCELADO'),
(25,'TRANSFERENCIA','2026-05-25',169.90,'PAGO'),
(26,'PIX','2026-05-26',299.90,'PAGO'),
(27,'CARTAO','2026-05-27',109.90,'PENDENTE'),
(28,'PIX','2026-05-28',129.90,'PAGO'),
(29,'DINHEIRO','2026-05-29',149.90,'PAGO'),
(30,'TRANSFERENCIA','2026-05-30',179.90,'PAGO'),
(31,'PIX','2026-05-31',279.90,'PAGO'),
(32,'CARTAO','2026-06-01',159.90,'PENDENTE'),
(33,'PIX','2026-06-02',39.90,'CANCELADO'),
(34,'DINHEIRO','2026-06-03',34.90,'PAGO'),
(35,'TRANSFERENCIA','2026-06-04',49.90,'PAGO'),
(36,'PIX','2026-06-05',29.90,'PAGO'),
(37,'CARTAO','2026-06-06',44.90,'PAGO'),
(38,'PIX','2026-06-07',32.90,'PENDENTE'),
(39,'DINHEIRO','2026-06-08',54.90,'CANCELADO'),
(40,'TRANSFERENCIA','2026-06-09',59.90,'PAGO'),
(41,'PIX','2026-06-10',69.90,'PAGO'),
(42,'CARTAO','2026-06-11',27.90,'PAGO'),
(43,'PIX','2026-06-12',42.90,'PENDENTE'),
(44,'DINHEIRO','2026-06-13',49.90,'PAGO'),
(45,'TRANSFERENCIA','2026-06-14',69.90,'CANCELADO'),
(46,'PIX','2026-06-15',89.90,'PAGO'),
(47,'CARTAO','2026-06-16',24.90,'PAGO'),
(48,'PIX','2026-06-17',129.90,'PAGO'),
(49,'DINHEIRO','2026-06-18',79.90,'PENDENTE'),
(50,'TRANSFERENCIA','2026-06-19',99.90,'PAGO');


INSERT INTO ateliedb.item_pedido
(cod_pedido, cod_prod, qtd_item, valor_uni, subtotal)
VALUES
(1,1,1,89.90,89.90),
(1,14,1,249.90,249.90),

(2,2,1,149.90,149.90),

(3,3,2,129.90,259.80),

(4,4,1,79.90,79.90),
(4,26,1,299.90,299.90),

(5,5,1,99.90,99.90),

(6,6,2,109.90,219.80),

(7,7,1,119.90,119.90),
(7,27,1,109.90,109.90),

(8,8,1,69.90,69.90),

(9,9,2,94.90,189.80),

(10,10,1,84.90,84.90),
(10,28,1,129.90,129.90),

(11,11,1,189.90,189.90),

(12,12,1,159.90,159.90),
(12,29,1,149.90,149.90),

(13,13,1,74.90,74.90),

(14,14,1,249.90,249.90),

(15,15,2,249.90,499.80),

(16,16,1,139.90,139.90),
(16,30,1,179.90,179.90),

(17,17,1,139.90,139.90),

(18,18,1,119.90,119.90),
(18,31,1,279.90,279.90),

(19,19,1,169.90,169.90),

(20,20,2,299.90,599.80),

(21,21,1,109.90,109.90),
(21,32,1,159.90,159.90),

(22,22,1,129.90,129.90),

(23,23,1,149.90,149.90),
(23,33,1,39.90,39.90),

(24,24,1,179.90,179.90),

(25,25,2,279.90,559.80),

(26,26,1,299.90,299.90),

(27,27,1,109.90,109.90),
(27,34,1,34.90,34.90),

(28,28,1,129.90,129.90),

(29,29,2,149.90,299.80),

(30,30,1,179.90,179.90);

INSERT INTO ateliedb.item_pedido
(cod_pedido, cod_prod, qtd_item, valor_uni, subtotal)
VALUES
(31,31,1,279.90,279.90),
(31,35,1,49.90,49.90),

(32,32,1,159.90,159.90),

(33,33,2,39.90,79.80),

(34,34,1,34.90,34.90),
(34,36,1,29.90,29.90),

(35,35,1,49.90,49.90),

(36,36,2,29.90,59.80),

(37,37,1,44.90,44.90),
(37,38,1,32.90,32.90),

(38,38,1,32.90,32.90),

(39,39,2,54.90,109.80),

(40,40,1,59.90,59.90),
(40,41,1,69.90,69.90),

(41,41,1,69.90,69.90),

(42,42,1,27.90,27.90),
(42,43,1,42.90,42.90),

(43,43,1,42.90,42.90),

(44,44,2,49.90,99.80),

(45,45,1,69.90,69.90),
(45,46,1,89.90,89.90),

(46,46,1,89.90,89.90),

(47,47,2,24.90,49.80),

(48,48,1,129.90,129.90),
(48,49,1,79.90,79.90),

(49,49,1,79.90,79.90),

(50,50,2,99.90,199.80),

(1,20,1,299.90,299.90),
(2,21,1,109.90,109.90),
(3,22,1,129.90,129.90),
(4,23,1,149.90,149.90),
(5,24,1,179.90,179.90),
(6,25,1,279.90,279.90),
(7,26,1,299.90,299.90),
(8,27,1,109.90,109.90),
(9,28,1,129.90,129.90),
(10,29,1,149.90,149.90),
(11,30,1,179.90,179.90),
(12,31,1,279.90,279.90);
